"","(Intercept)","year","racesex.L","racesex.Q","racesex.C","momed.L","momed.Q","momed.C","momed^4","momemp.L","momemp.Q","momemp.C","famstru.L","famstru.Q","famstru.C","religion.L","religion.Q","religion.C","region.L","region.Q","region.C","year:racesex.L","year:racesex.Q","year:racesex.C"
"ACCEPTABLE",-17.3533051944252,0.00903110019216317,44.1568243086213,-3.83245368232996,-17.0915845509941,-0.0433080691841419,0.0613992635879434,0.040584804209595,-0.0068330439486739,0.44294386146997,-0.0777623770434029,-0.052951429072285,0.0934820227085976,0.0673996654141717,0.0245191696812491,-0.318715513182333,-0.0582548023274357,-0.0184612367602746,-0.169406146294223,-0.0083045820793825,0.0384437115390581,-0.0218425023417122,0.00185342900084626,0.00851856316346326
"SOMEWHAT ACCEPTABLE",-25.7087310763009,0.0129578860271407,59.4462674139888,0.545378558773456,-19.4647442081533,-0.0860017484723866,0.136657941012516,0.0166372791336446,0.041160580744957,0.895087408659516,-0.0923992879509587,-0.0819160465187381,0.140775289630291,0.0594059861085193,0.0100962984686644,-0.499451440766429,-0.117839301167832,-0.051658623598873,-0.144618553616217,0.0420390907700551,0.0363326645807952,-0.029204481166393,-0.000316258629298577,0.00981538073958359
"NOT AT ALL ACCEPTABLE",-39.2484365081173,0.0195637298666035,67.0522995500485,0.445875976781625,-4.16199309993116,-0.0477196149136829,0.200144345874902,0.00366221507802661,0.00533626458707877,1.03864983689403,0.0611685565402047,-0.0801525722406726,0.267777043105135,-0.0305104103092369,-0.115911218771148,-0.715326668551087,-0.0771749514449593,-0.0879277449975046,-0.154371793281263,0.0305556049113902,-0.073243633432925,-0.0327096995028156,-0.000297027948515479,0.00205390400405255
