"","(Intercept)","year","racesex.L","racesex.Q","racesex.C","momed.L","momed.Q","momed.C","momed^4","momemp.L","momemp.Q","momemp.C","famstru.L","famstru.Q","famstru.C","religion.L","religion.Q","religion.C","region.L","region.Q","region.C","year:racesex.L","year:racesex.Q","year:racesex.C"
"ACCEPTABLE",4.91741631575534,-0.001763969431746,1.9575220067085,-6.68473583586405,-29.3103644325748,-0.187998691969876,0.0515058531586057,0.0499840275469481,0.00309357760195417,-0.118138036456187,0.00515307981972009,-0.00585789110570984,-0.0146679127534353,0.0574787748834798,0.0246985216619225,-0.0466371490324654,0.0417311060924407,-0.00156112210006503,-0.0457946600458477,-0.119374781246854,-0.11325196063819,-0.000853731147010424,0.00343829087937396,0.0146103505635405
"SOMEWHAT ACCEPTABLE",17.9510761022514,-0.00865128126011627,-19.3359534259398,1.68720854385752,-20.9721717403961,-0.188751243291661,0.0289444071717082,0.0322623962674388,-0.02949243275075,-0.286662527804281,0.0159821645367748,0.0449056395662936,-0.00207462980884285,-0.0111660343269246,-0.0100269462288173,-0.066942401330039,0.0772356992915085,0.0229581200898249,-0.130897790078398,-0.069899143697312,-0.139590222329884,0.00992401754179075,-0.000697976681438441,0.0103372459868197
"NOT AT ALL ACCEPTABLE",51.2080423454412,-0.025952764116428,-95.9514986256242,2.00369276236158,-8.35875802030479,-0.321730672273316,0.128815766690169,0.0483320183810842,-0.044263451231628,-0.674817034107428,0.251296098373545,0.0708081570398021,0.175493033496029,0.0696030862423603,0.011596601788,-0.0975088422223414,0.244994815438962,0.00643576844457769,-0.229899380998185,0.0265067665379631,-0.228350511106099,0.0484083584485827,-0.000789518642880008,0.00380977936892795
