"","(Intercept)","year","racesex.L","racesex.Q","racesex.C","momed.L","momed.Q","momed.C","momed^4","momemp.L","momemp.Q","momemp.C","famstru.L","famstru.Q","famstru.C","religion.L","religion.Q","religion.C","region.L","region.Q","region.C","year:racesex.L","year:racesex.Q","year:racesex.C"
"ACCEPTABLE",-24.0932188649413,0.0126621261352949,12.4705931611413,9.70174274694467,21.511085423105,-0.288942795102107,-0.150423297874948,-0.0890555344555608,-0.0826846394487704,-0.0179147129277555,0.0166241103451761,-0.0281187667086668,-0.0316617084355233,-0.0222482278441245,-0.106479785900833,0.274828002796685,-0.0321055418810387,0.0162116530809621,-0.0645474333115765,-0.0360470394182799,0.0346540964871106,-0.00634214416310897,-0.00483836558788416,-0.0107748255131688
"SOMEWHAT ACCEPTABLE",3.33016927859881,-0.000990938250299318,2.58849254511622,9.68499818154133,35.3046080043028,-0.515070970648301,-0.176905470156793,-0.0848191247862522,-0.0735227863104781,-0.144857026154566,0.0147738994963014,0.00591993022215425,-0.142040128884725,-0.0201554599055182,-0.0612451489623358,0.436861465492876,-0.0704819329875622,0.042614676427032,-0.0705027223184482,-0.14453102611065,-0.0394262272972051,-0.00145302856538422,-0.00480218204981994,-0.0177259502437698
"NOT AT ALL ACCEPTABLE",65.6797161833317,-0.0322636126078041,-1.12071809092472,9.00728096974961,40.74713614373,-0.877747253763952,-0.170435013046558,-0.0925420206632044,-0.109847990890276,-0.017838880345346,0.183823383895964,-0.00355418161627329,-0.00603434677692988,0.0888881295142286,-0.0723620581921771,0.487579210048793,-0.0582249528487507,0.0876311332510862,-0.110958674480907,-0.284913158951471,-0.197575545398541,0.000489373070890228,-0.00439178484723458,-0.0205831850492029
