"","(Intercept)","year","racesex.L","racesex.Q","racesex.C","momed.L","momed.Q","momed.C","momed^4","momemp.L","momemp.Q","momemp.C","famstru.L","famstru.Q","famstru.C","religion.L","religion.Q","religion.C","region.L","region.Q","region.C","year:racesex.L","year:racesex.Q","year:racesex.C"
"Neo-traditional",-59.5941138755391,0.0299753979336711,39.6616123195242,3.19424776752729,-5.51246574784894,-0.117666022404927,0.041551955167059,0.0131542242726738,0.0510740517214144,0.86042448042543,-0.00448709210455635,-0.0380818311532167,0.0612327162654013,0.0612514174249446,-0.00483306569595996,-0.122607744685646,-0.148009850543893,-0.0104472793176764,0.0706771644777555,-0.19586949655779,-0.0748525531521494,-0.0196546720955817,-0.00161719595284536,0.00289395065648194
"Conventional Realists",-120.107662449686,0.0603492271031301,31.5368870760686,7.44661817848635,-31.4090017309249,0.406823333470045,-0.0189929324902128,0.0197958134690739,0.0272541650988568,0.430930241053483,-0.0986126419151514,0.0132007379325679,-0.0563201824069612,0.0306837943764443,0.0377503119168233,-0.252231112932235,-0.0285091348756977,-0.0235110515385905,-0.0399230977301937,0.0576938527314772,0.182596102532217,-0.015773099977507,-0.00380830904387599,0.015944176832834
"Dual-earners",-111.316789953566,0.0557697919047397,85.8142838589038,11.9926765862734,-32.5327692414746,0.245657211364133,0.169000676023708,0.0152296980128472,0.0268905291658254,1.20659111929934,0.127961848675421,-0.0754661400216592,0.0910496585292229,-0.0183017839816139,-0.169881951917,-0.599064507012884,-0.0708499187082314,-0.0783472895302522,-0.0821451628409193,-0.0715199498044793,0.0127429123533079,-0.0423598651952159,-0.00610666330453612,0.0164119945206904
"Intensive Parents",-128.854317484076,0.0646452644639025,59.3268264055765,13.7706176549647,-69.1082274178664,0.697794794043372,0.0732628984635987,0.0588146934744093,0.113791707601299,0.645097219622601,-0.00257353112124287,-0.0186392197746349,-0.0535894107914425,0.00687880977647575,-0.0702328381632935,-0.469438511224039,-0.0132829183146379,-0.0488938325442589,-0.104003209281391,0.0809992243688459,0.294164857515542,-0.0296458925932153,-0.00705668718491271,0.0347896077716515
