"","(Intercept)","year","racesex.L","racesex.Q","racesex.C","momed.L","momed.Q","momed.C","momed^4","momemp.L","momemp.Q","momemp.C","famstru.L","famstru.Q","famstru.C","religion.L","religion.Q","religion.C","region.L","region.Q","region.C","year:racesex.L","year:racesex.Q","year:racesex.C"
"ACCEPTABLE",0,0,0,0,0,0,0.000120811727316372,8.5119283549373e-05,0.786508415807048,0,0.679118662373606,0.613018392724932,0.384332969628707,6.4847280656366e-08,0.00950191732361949,0.000225335378129188,0.000780823556791432,0.915095173038667,0.0010863607463818,0,0,0,0,0
"SOMEWHAT ACCEPTABLE",0,0,0,0,0,0,0.00539258190426262,0.0124387160852051,0.00410870406159947,0,0.228353839124273,5.24649520112774e-05,0.883321412856119,0.315431242895017,0.29651787328091,1.34378457250506e-08,2.52935450362202e-10,0.175474503145699,0,4.85050209109161e-07,0,0,0,0
"NOT AT ALL ACCEPTABLE",0,0,0,0,0,0,0,2.3482667015351e-06,2.75737210841953e-11,0,0,8.88178419700125e-16,0,2.22044604925031e-16,0.104773770324417,0,0,0.648336142631926,0,0.0197253834757241,0,0,0,0
